{"cameraMode":{"drawMode":0,"name":"Shaded","section":"Shading Mode"},"sceneLighting":false,"audioPlay":false,"sceneViewState":{"showFog":true,"showMaterialUpdate":false,"showSkybox":false,"showFlares":true,"showImageEffects":true,"showParticleSystems":true,"showVisualEffectGraphs":true,"m_FxEnabled":true},"in2DMode":false,"pivot":{"x":7.212562561035156,"y":0.044697344303131106,"z":0.5658610463142395},"rotation":{"x":-0.15791884064674378,"y":0.6936756372451782,"z":-0.1600901186466217,"w":-0.6842949390411377},"size":0.8803765177726746,"orthographic":false}