{"cameraMode":{"drawMode":0,"name":"Shaded","section":"Shading Mode"},"sceneLighting":true,"audioPlay":false,"sceneViewState":{"showFog":true,"showMaterialUpdate":false,"showSkybox":true,"showFlares":true,"showImageEffects":true,"showParticleSystems":true,"showVisualEffectGraphs":true,"m_FxEnabled":true},"in2DMode":false,"pivot":{"x":2.4844603538513185,"y":0.9581068158149719,"z":0.031390927731990817},"rotation":{"x":-0.004427109379321337,"y":0.7132251262664795,"z":-0.004495830275118351,"w":-0.7009241580963135},"size":5.878265857696533,"orthographic":false}