{"cameraMode":{"drawMode":0,"name":"Shaded","section":"Shading Mode"},"sceneLighting":true,"audioPlay":false,"sceneViewState":{"showFog":true,"showMaterialUpdate":false,"showSkybox":true,"showFlares":true,"showImageEffects":true,"showParticleSystems":true,"showVisualEffectGraphs":true,"m_FxEnabled":true},"in2DMode":false,"pivot":{"x":1.4907830953598023,"y":4.491792678833008,"z":15.354819297790528},"rotation":{"x":0.028995079919695855,"y":-0.2549005448818207,"z":0.007691447157412767,"w":0.9665322303771973},"size":1.5990381240844727,"orthographic":false}