{"cameraMode":{"drawMode":0,"name":"Shaded","section":"Shading Mode"},"sceneLighting":true,"audioPlay":false,"sceneViewState":{"showFog":true,"showMaterialUpdate":false,"showSkybox":true,"showFlares":true,"showImageEffects":false,"showParticleSystems":true,"showVisualEffectGraphs":true,"m_FxEnabled":true},"in2DMode":false,"pivot":{"x":-9.199366569519043,"y":2.7544994354248049,"z":-3.1307973861694338},"rotation":{"x":-0.40400126576423647,"y":-0.09902389347553253,"z":0.044053465127944949,"w":-0.9083295464515686},"size":1.8949875831604005,"orthographic":false}